{
    "keep": {
        "days": true,
        "amount": 90
    },
    "auditLog": "/home/runner/workspace/packages/backend/logs/.44840b23b00a9f683cb9f7187afbbc9c386114b8-audit.json",
    "files": [
        {
            "date": 1761235487867,
            "name": "/home/runner/workspace/packages/backend/logs/cdr-2025-10-23.log",
            "hash": "6756184c4d286527d2df130afc73d0f5e554822d78213ce427310274118f41ad"
        },
        {
            "date": 1761283734384,
            "name": "/home/runner/workspace/packages/backend/logs/cdr-2025-10-24.log",
            "hash": "de0fe43160bcd7d58d6aa2494028095887707519e1daf2eb922cd279931443e6"
        }
    ],
    "hashType": "sha256"
}