{
    "keep": {
        "days": true,
        "amount": 14
    },
    "auditLog": "/home/runner/workspace/packages/backend/logs/.aab06d72d38bd4d14d19ea48a6546f1747026c7e-audit.json",
    "files": [
        {
            "date": 1761235487860,
            "name": "/home/runner/workspace/packages/backend/logs/combined-2025-10-23.log",
            "hash": "476638b76cd7c91115fb30811b69f6bd5ffdad3cd5b0c4fdbe2c231a72dcaf2e"
        },
        {
            "date": 1761283734363,
            "name": "/home/runner/workspace/packages/backend/logs/combined-2025-10-24.log",
            "hash": "5c856f5e7dadea268aa9ec3f96c1f6b8768d3c5e2041bf5c16256950e7702469"
        }
    ],
    "hashType": "sha256"
}