{
    "keep": {
        "days": true,
        "amount": 14
    },
    "auditLog": "/home/runner/workspace/packages/backend/logs/.160ff73c1fe30ccbe1f5159855cc9e570dddf1a9-audit.json",
    "files": [
        {
            "date": 1761235487858,
            "name": "/home/runner/workspace/packages/backend/logs/error-2025-10-23.log",
            "hash": "c2282dc8074643247d761e440ca8b0f652a2d309d5d0849fabf0bdad8c67b10f"
        },
        {
            "date": 1761283734360,
            "name": "/home/runner/workspace/packages/backend/logs/error-2025-10-24.log",
            "hash": "95675e85ab75289166b6d9478bda53e64ef8fa9af2f82c47db4d6d4f33c7377a"
        }
    ],
    "hashType": "sha256"
}